"Term","CRN","Subject","Number","Section","Title","Campus","Enrollment","Capacity","Credit Hours","Delivery","Estimated Fees","Business Surcharge","Meeting Days","Meeting Times","Meeting Locations","Meeting Dates","Instructors","Description","Cross-List Sections","Course Level","Special Approval","Grade Mode","Additional Notes","Attribute Description"
"202620","10049","CHM","111","  A","Chemistry In Modern Society","Oxford","185","240","3","Face-to-Face","None","None","TR|T","10:05am-11:25am|10:15am-12:15pm","HUG 100|HUG 100","01/26-05/08|05/12-05/12","Shope, Brielle; Sanders-Johnson, Miranda","111 Chemistry in Modern Society (4)

For non-science majors. Considers both nature of basic chemical processes and ways that chemistry affects our society. Introduction to how scientists approach problems and make decisions. 3 Lec. IVB. PA-2B. CAS-D, CAS-QL.","None","Undergraduate","None","Standard Letter","None","CASD - Natural Science (CASD); CAS - Quantitative Literacy (CASQ); FND - Physical Science (IVB);  PA - Natural Sciences (PA2B); Ohio Transfer 36 Course (TM)"
"202620","10050","CHM","111L","  A","Chemistry Mod Soc Laboratory","Oxford","234","235","1","Online Asynchronous","$30.00 - $31.50","None","","","WEB ","01/26-05/08","Page, Jill","111L Chemistry in Modern Society Laboratory (1)

Laboratory course for non-science majors. Students will explore basic chemistry principles that are relevant in everyday life through observation and data analysis. Emphasis will be placed on activities and assessments that develop quantitative reasoning skills and critical thinking with a focus on application to global issues and the development of civic-mindedness. 1 Lab. IVB. PA-2B. CAS-D/LAB, CAS-QL.","None","Undergraduate","None","Standard Letter","None","CASD - Natural Science (CASD); CAS - Quantitative Literacy (CASQ); FND - Physical Science (IVB);  PA - Natural Sciences (PA2B); Ohio Transfer 36 Course (TM); Online Asynchronous (ONLA)"
"202620","13939","CHM","131","  A","Chemistry Of Life Processes","Oxford","137","184","4","Face-to-Face","None","None","MWR|W","10:05am-11:20am|10:15am-12:15pm","PSN 128|PSN 128","01/26-05/08|05/13-05/13","Jessa, Yasmin","131 Chemistry of Life Processes (4)

Integrated lecture and laboratory course for non-science majors that relate basic inorganic and organic chemical processes to those of biochemistry. Explores the nature of atoms and molecules in terms of simple structures and reactions, and the more complex structures of biochemical molecules and their interactions with living systems. IVB, LAB. PA-2B. CAS-D/LAB. Prerequisite: introductory high school physical science and algebra or CHM 109.","None","Undergraduate","None","Standard Letter","None","CASD - Natural Science (CASD); FND - Physical Science (IVB);  PA - Natural Sciences (PA2B)"
"202620","13940","CHM","131L","  A","Chemistry Of Life Processe Lab","Oxford","82","90","0","Face-to-Face","None","None","F","10:05am-11:55am","HUG 272","01/26-05/08","Jessa, Yasmin","None","None","Undergraduate","None","Standard Letter","None","FND - Physical Science (IVB);  PA - Natural Sciences (PA2B)"
"202620","16258","CHM","131L","  B","Chemistry Of Life Processe Lab","Oxford","55","90","0","Face-to-Face","None","None","F","10:05am-11:55am","HUG 272","01/26-05/08","Jessa, Yasmin","None","None","Undergraduate","None","Standard Letter","None","PA - Natural Sciences (PA2B); FND - Physical Science (IVB)"
"202620","10051","CHM","141","  A","College Chemistry","Oxford","197","240","3","Face-to-Face","None","None","MWF|M","1:15pm-2:10pm|12:45pm-2:45pm","HUG 100|HUG 100","01/26-05/08|05/11-05/11","Sanders-Johnson, Miranda","141 College Chemistry (3)

General chemistry lecture course. Examines the fundamentals of atomic and molecular structure, chemical reactions and stoichiometry, properties of solutions, thermochemistry, gases, and chemical bonding.  Students also develop ideas, experience, methodology, and skills used in the application of scientific methodology. Credit not given for both CHM 141R and 141. IVB. PA-2B. CAS-D. Prerequisite: A math ACT score of 22 (or SAT math sub-score 530) or higher, or completion of MTH 025, or MTH 122 or MTH 125 or MTH 151, or Miami Math Placement Test score of 8 or higher, or permission of instructor; high school chemistry is recommended.","None","Undergraduate","None","Standard Letter","None","CASD - Natural Science (CASD); FND - Physical Science (IVB);  PA - Natural Sciences (PA2B); TAG Course (TG); Ohio Transfer 36 Course (TM)"
"202620","11955","CHM","142","  A","College Chemistry","Oxford","133","240","3","Face-to-Face","None","None","MWF|M|M|M|M|M|M|M","8:30am-9:25am|10:15am-12:15pm|10:15am-12:15pm|10:15am-12:15pm|10:15am-12:15pm|10:15am-12:15pm|10:15am-12:15pm|10:15am-12:15pm","HUG 100|LWS 100|HUG 141|HUG 161|PSYC 125|HUG 100|PSN 128|KRG 319","01/26-05/08|05/11-05/11|05/11-05/11|05/11-05/11|05/11-05/11|05/11-05/11|05/11-05/11|05/11-05/11","Eilers, Markus","142 College Chemistry (3)

In this follow-up to CHM 141, students will continue their study of the properties of solutions, thermodynamics, and acids and basis. The course also explores chemical kinetics, chemical equilibrium, coordination chemistry and electrochemistry. Prerequisite: CHM 141. Co-requisite: CHM 145.","None","Undergraduate","None","Standard Letter","None","TAG Course (TG)"
"202620","10052","CHM","142","  B","College Chemistry","Oxford","193","240","3","Face-to-Face","None","None","MWF|M|M|M|M|M|M|M","10:05am-11:00am|10:15am-12:15pm|10:15am-12:15pm|10:15am-12:15pm|10:15am-12:15pm|10:15am-12:15pm|10:15am-12:15pm|10:15am-12:15pm","HUG 100|HUG 141|HUG 161|LWS 100|PSN 128|PSYC 125|KRG 319|HUG 100","01/26-05/08|05/11-05/11|05/11-05/11|05/11-05/11|05/11-05/11|05/11-05/11|05/11-05/11|05/11-05/11","Eilers, Markus","142 College Chemistry (3)

In this follow-up to CHM 141, students will continue their study of the properties of solutions, thermodynamics, and acids and basis. The course also explores chemical kinetics, chemical equilibrium, coordination chemistry and electrochemistry. Prerequisite: CHM 141. Co-requisite: CHM 145.","None","Undergraduate","None","Standard Letter","None","TAG Course (TG)"
"202620","13480","CHM","142","  C","College Chemistry","Oxford","188","240","3","Face-to-Face","None","None","MWF|M|M|M|M|M|M|M","11:40am-12:35pm|10:15am-12:15pm|10:15am-12:15pm|10:15am-12:15pm|10:15am-12:15pm|10:15am-12:15pm|10:15am-12:15pm|10:15am-12:15pm","HUG 100|HUG 141|HUG 161|LWS 100|PSN 128|PSYC 125|KRG 319|HUG 100","01/26-05/08|05/11-05/11|05/11-05/11|05/11-05/11|05/11-05/11|05/11-05/11|05/11-05/11|05/11-05/11","Sikma, Ronald","142 College Chemistry (3)

In this follow-up to CHM 141, students will continue their study of the properties of solutions, thermodynamics, and acids and basis. The course also explores chemical kinetics, chemical equilibrium, coordination chemistry and electrochemistry. Prerequisite: CHM 141. Co-requisite: CHM 145.","None","Undergraduate","None","Standard Letter","None","TAG Course (TG)"
"202620","10691","CHM","142H","  A","College Chemistry","Oxford","62","57","3","Face-to-Face","None","None","MWF|M|M|M|M|M|M|M","11:40am-12:35pm|10:15am-12:15pm|10:15am-12:15pm|10:15am-12:15pm|10:15am-12:15pm|10:15am-12:15pm|10:15am-12:15pm|10:15am-12:15pm","HUG 141|LWS 100|HUG 141|HUG 161|PSN 128|HUG 100|KRG 319|PSYC 125","01/26-05/08|05/11-05/11|05/11-05/11|05/11-05/11|05/11-05/11|05/11-05/11|05/11-05/11|05/11-05/11","Yehl, Kevin","142H College Chemistry (3)

In this follow-up to CHM 141, students will continue their study of the properties of solutions, thermodynamics, and acids and basis.  The course also explores chemical kinetics, chemical equilibrium, coordination chemistry and electrochemistry. Prerequisite: CHM 141. Co-requisite: CHM 145.","None","Undergraduate","None","Standard Letter/Research","Honors contract course. Stacked with 10053, CHM for majors. In this follow-up to CHM 141, students will continue their study of the properties of solutions, thermodynamics, and acids and basis. The course also explores chemical kinetics, chemical equilibrium, coordination chemistry and electrochemistry.","Honors Course (HONC); TAG Course (TG)"
"202620","10053","CHM","142M","  A","Col Chemistry For Chem Majors","Oxford","19","90","3","Face-to-Face","None","None","MWF|M|M|M|M|M|M|M","11:40am-12:35pm|10:15am-12:15pm|10:15am-12:15pm|10:15am-12:15pm|10:15am-12:15pm|10:15am-12:15pm|10:15am-12:15pm|10:15am-12:15pm","HUG 141|LWS 100|PSN 128|KRG 319|PSYC 125|HUG 100|HUG 161|HUG 141","01/26-05/08|05/11-05/11|05/11-05/11|05/11-05/11|05/11-05/11|05/11-05/11|05/11-05/11|05/11-05/11","Yehl, Kevin","142M College Chemistry for Majors (3)

Covers the same content as CHM 142, but assumes interest in chemistry as a major (See CHM 142). Credit not given for both 142M and 142. Prerequisite: CHM 141. Co-requisite: CHM 145M.","None","Undergraduate","None","Standard Letter","None","None"
"202620","10950","CHM","144","  A","College Chemistry Laboratory","Oxford","159","160","2","Face-to-Face","$30.00 - $31.50","None","R|T|T","1:15pm-4:05pm|12:45pm-2:45pm|12:45pm-2:45pm","HUG 172|HUG 141|HUG 100","01/26-05/08|05/12-05/12|05/12-05/12","Sanders-Johnson, Miranda","144 College Chemistry Laboratory (2)

Presents laboratory exercises to illustrate the fundamental principles of chemistry. An emphasis will be placed on safety, laboratory skills, techniques for simple quantitative measurements and the use of modern instrumentation for data collection and analysis. Students will also gain skills in developing hypotheses, observing chemical phenomena, collecting and sharing data and evaluating results critically. IVB. PA-2B. CAS-D/LAB. Prerequisite or Co-requisite: CHM 141.","None","Undergraduate","None","Standard Letter","None","CASD - Natural Science (CASD); FND - Physical Science (IVB);  PA - Natural Sciences (PA2B); Top 25 (T25); TAG Course (TG); Ohio Transfer 36 Course (TM)"
"202620","10585","CHM","145","  A","College Chemistry Laboratory","Oxford","116","168","2","Face-to-Face","$30.00 - $31.50","None","M|W|W|W|W","1:15pm-4:05pm|8:00am-10:00am|8:00am-10:00am|8:00am-10:00am|8:00am-10:00am","HUG 172|FSB 1000|HUG 100|LWS 100|SHD 152","01/26-05/08|05/13-05/13|05/13-05/13|05/13-05/13|05/13-05/13","Jessa, Yasmin","145 College Chemistry Laboratory (2)

Presents laboratory exercises to illustrate the fundamental principles of chemistry. In this follow-up to CHM 144, students will continue working on their laboratory skills, using techniques for quantitative measurements and using modern instrumentation for data collection and analysis. Includes chemical kinetics, equilibrium, acids and bases, and electrochemistry. CAS-D/LAB. Prerequisite: CHM 144. Co-requisite: CHM 142 required.","None","Undergraduate","None","Standard Letter","None","Top 25 (T25); TAG Course (TG)"
"202620","10054","CHM","145","  B","College Chemistry Laboratory","Oxford","97","168","2","Face-to-Face","$30.00 - $31.50","None","T|W|W|W|W","8:00am-10:50am|8:00am-10:00am|8:00am-10:00am|8:00am-10:00am|8:00am-10:00am","HUG 172|HUG 100|LWS 100|FSB 1000|SHD 152","01/26-05/08|05/13-05/13|05/13-05/13|05/13-05/13|05/13-05/13","Rusinek, Cory","145 College Chemistry Laboratory (2)

Presents laboratory exercises to illustrate the fundamental principles of chemistry. In this follow-up to CHM 144, students will continue working on their laboratory skills, using techniques for quantitative measurements and using modern instrumentation for data collection and analysis. Includes chemical kinetics, equilibrium, acids and bases, and electrochemistry. CAS-D/LAB. Prerequisite: CHM 144. Co-requisite: CHM 142 required.","None","Undergraduate","None","Standard Letter","None","Top 25 (T25); TAG Course (TG)"
"202620","10055","CHM","145","  C","College Chemistry Laboratory","Oxford","168","168","2","Face-to-Face","$30.00 - $31.50","None","T|W|W|W|W","1:15pm-4:05pm|8:00am-10:00am|8:00am-10:00am|8:00am-10:00am|8:00am-10:00am","HUG 172|FSB 1000|HUG 100|LWS 100|SHD 152","01/26-05/08|05/13-05/13|05/13-05/13|05/13-05/13|05/13-05/13","Shope, Brielle; Eilers, Markus","145 College Chemistry Laboratory (2)

Presents laboratory exercises to illustrate the fundamental principles of chemistry. In this follow-up to CHM 144, students will continue working on their laboratory skills, using techniques for quantitative measurements and using modern instrumentation for data collection and analysis. Includes chemical kinetics, equilibrium, acids and bases, and electrochemistry. CAS-D/LAB. Prerequisite: CHM 144. Co-requisite: CHM 142 required.","None","Undergraduate","None","Standard Letter","None","Top 25 (T25); TAG Course (TG)"
"202620","11519","CHM","145","  D","College Chemistry Laboratory","Oxford","107","168","2","Face-to-Face","$30.00 - $31.50","None","W|W|W|W|W","1:15pm-4:05pm|8:00am-10:00am|8:00am-10:00am|8:00am-10:00am|8:00am-10:00am","HUG 172|HUG 100|LWS 100|FSB 1000|SHD 152","01/26-05/08|05/13-05/13|05/13-05/13|05/13-05/13|05/13-05/13","Shope, Brielle; Yezierski, Ellen","145 College Chemistry Laboratory (2)

Presents laboratory exercises to illustrate the fundamental principles of chemistry. In this follow-up to CHM 144, students will continue working on their laboratory skills, using techniques for quantitative measurements and using modern instrumentation for data collection and analysis. Includes chemical kinetics, equilibrium, acids and bases, and electrochemistry. CAS-D/LAB. Prerequisite: CHM 144. Co-requisite: CHM 142 required.","None","Undergraduate","None","Standard Letter","None","Top 25 (T25); TAG Course (TG)"
"202620","13198","CHM","145","  E","College Chemistry Laboratory","Oxford","95","168","2","Face-to-Face","$30.00 - $31.50","None","R|W|W|W|W","8:00am-10:50am|8:00am-10:00am|8:00am-10:00am|8:00am-10:00am|8:00am-10:00am","HUG 172|HUG 100|LWS 100|FSB 1000|SHD 152","01/26-05/08|05/13-05/13|05/13-05/13|05/13-05/13|05/13-05/13","Page, Jill","145 College Chemistry Laboratory (2)

Presents laboratory exercises to illustrate the fundamental principles of chemistry. In this follow-up to CHM 144, students will continue working on their laboratory skills, using techniques for quantitative measurements and using modern instrumentation for data collection and analysis. Includes chemical kinetics, equilibrium, acids and bases, and electrochemistry. CAS-D/LAB. Prerequisite: CHM 144. Co-requisite: CHM 142 required.","None","Undergraduate","None","Standard Letter","None","Top 25 (T25); TAG Course (TG)"
"202620","10056","CHM","242","  A","Organic Chemistry","Oxford","252","255","3","Face-to-Face","None","None","MWF|F","8:30am-9:25am|8:00am-10:00am","LWS 100|LWS 100","01/26-05/08|05/15-05/15","Erb, Meredith","242 Organic Chemistry (3)

Study of stereochemistry and the reaction mechanisms of various types of organic compounds with examples of chemical reactions in biological systems. For premedical and pre-dental students and science majors including majors in chemistry or biochemistry. Prerequisite: CHM 241.","None","Undergraduate","None","Standard Letter","None","TAG Course (TG)"
"202620","10057","CHM","242","  B","Organic Chemistry","Oxford","115","240","3","Face-to-Face","None","None","MWF|W","11:40am-12:35pm|12:45pm-2:45pm","BEN 102|BEN 102","01/26-05/08|05/13-05/13","Cheng, Yukun","242 Organic Chemistry (3)

Study of stereochemistry and the reaction mechanisms of various types of organic compounds with examples of chemical reactions in biological systems. For premedical and pre-dental students and science majors including majors in chemistry or biochemistry. Prerequisite: CHM 241.","None","Undergraduate","None","Standard Letter","None","TAG Course (TG)"
"202620","10058","CHM","245","  A","Organic Chemistry Laboratory","Oxford","89","90","2","Face-to-Face","$30.00","None","M|F|F","1:15pm-4:10pm|10:15am-12:15pm|10:15am-12:15pm","HUG 272|BEN 102|LWS 100","01/26-05/08|05/15-05/15|05/15-05/15","Erb, Meredith","245 Organic Chemistry Laboratory (2)

Introduction to experimental techniques involved in synthesis, purification, and chemical identification of organic molecules. CAS-D/LAB. Prerequisite: CHM 244. Prerequisites or Co-requisite: CHM 242.","None","Undergraduate","None","Standard Letter","None","TAG Course (TG)"
"202620","10059","CHM","245","  B","Organic Chemistry Laboratory","Oxford","61","90","2","Face-to-Face","$30.00","None","T|F|F","8:00am-10:50am|10:15am-12:15pm|10:15am-12:15pm","HUG 272|BEN 102|LWS 100","01/26-05/08|05/15-05/15|05/15-05/15","Eilers, Markus","245 Organic Chemistry Laboratory (2)

Introduction to experimental techniques involved in synthesis, purification, and chemical identification of organic molecules. CAS-D/LAB. Prerequisite: CHM 244. Prerequisites or Co-requisite: CHM 242.","None","Undergraduate","None","Standard Letter","None","TAG Course (TG)"
"202620","10060","CHM","245","  C","Organic Chemistry Laboratory","Oxford","88","90","2","Face-to-Face","$30.00","None","T|F|F","1:15pm-4:10pm|10:15am-12:15pm|10:15am-12:15pm","HUG 272|LWS 100|BEN 102","01/26-05/08|05/15-05/15|05/15-05/15","Erb, Meredith","245 Organic Chemistry Laboratory (2)

Introduction to experimental techniques involved in synthesis, purification, and chemical identification of organic molecules. CAS-D/LAB. Prerequisite: CHM 244. Prerequisites or Co-requisite: CHM 242.","None","Undergraduate","None","Standard Letter","None","TAG Course (TG)"
"202620","12963","CHM","245","  D","Organic Chemistry Laboratory","Oxford","20","90","2","Face-to-Face","$30.00","None","R|F|F","8:00am-10:55am|10:15am-12:15pm|10:15am-12:15pm","HUG 272|BEN 102|LWS 100","01/26-05/08|05/15-05/15|05/15-05/15","Sanders-Johnson, Miranda","245 Organic Chemistry Laboratory (2)

Introduction to experimental techniques involved in synthesis, purification, and chemical identification of organic molecules. CAS-D/LAB. Prerequisite: CHM 244. Prerequisites or Co-requisite: CHM 242.","None","Undergraduate","None","Standard Letter","None","TAG Course (TG)"
"202620","12745","CHM","255","  A","Organic Chemistry Lab Chm Maj","Oxford","26","30","2","Face-to-Face","$30.00","None","W","1:15pm-5:15pm","HUG 274","01/26-05/08","Hartley, Scott","255 Organic Chemistry Laboratory for Chemistry Majors (2)

Introduction to modern experimental techniques in organic chemistry as applied to synthesis, purification, and determination of the structure of organic molecules. CAS-D/LAB. Prerequisite: CHM 254. Prerequisite or co-requisite: CHM 242 or CHM 252.","None","Undergraduate","None","Standard Letter","None","TAG Course (TG)"
"202620","12746","CHM","255","  B","Organic Chemistry Lab Chm Maj","Oxford","37","60","2","Face-to-Face","$30.00","None","R","1:15pm-5:15pm","HUG 274","01/26-05/08","Hartley, Scott","255 Organic Chemistry Laboratory for Chemistry Majors (2)

Introduction to modern experimental techniques in organic chemistry as applied to synthesis, purification, and determination of the structure of organic molecules. CAS-D/LAB. Prerequisite: CHM 254. Prerequisite or co-requisite: CHM 242 or CHM 252.","None","Undergraduate","None","Standard Letter","None","TAG Course (TG)"
"202620","10061","CHM","332","  A","Outlines Of Biochemistry","Oxford","76","120","3","Face-to-Face","None","None","MWF|F","8:30am-9:25am|8:00am-10:00am","HUG 141|HUG 141","01/26-05/08|05/15-05/15","Tai, Heeyoung","332 Outlines of Biochemistry (3)

Overview of the major topics of biochemistry. Topics include: biological functions of proteins, carbohydrates, lipids and nucleic acids, central metabolic pathways and controls, and relevant examples in nutrition and health. 3 Lec. CAS-D. Prerequisite: CHM 231, CHM 242, or CHM 252.","None","Undergraduate","None","Standard Letter","None","None"
"202620","10062","CHM","332L"," TA","Outlines Of Biochemistry Lab","Oxford","26","100","1","Face-to-Face","$30.00 - $31.50","None","W","1:15pm-3:15pm","SHD 152","02/02-03/20","Tai, Heeyoung","332L Outlines of Biochemistry Lab (1)

Laboratory course designed to enhance the learning experiences in CHM 332.  Emphasis on problem solving and data analysis using basic biochemical experiments. Prerequisite/co-requisite: CHM 332.","None","Undergraduate","None","Standard Letter","None","None"
"202620","14252","CHM","375","  A","Analytical Chem. for Majors","Oxford","14","16","3","Face-to-Face","$30.00 - $31.50","None","T|R|R","8:30am-11:25am|2:50pm-4:10pm|3:00pm-5:00pm","HUG 372|HUG 158|HUG 158","01/26-05/08|01/26-05/08|05/14-05/14","Danielson, Neil; Page, Jill","375 Analytical Chemistry for Majors (3)

Instrumental methods of analysis including theory, problem solving, and laboratory experiments applied to real-life samples. Instruction in writing and quantitative literacy. 1 Lec. 2 Lab. ADVW. PA-1C. CAS-Q. CAS-W. Prerequisites: CHM 242 or CHM 252.","None","Undergraduate","None","Standard Letter","None","Advanced Writing (ADVW); CAS - Quantitative Literacy (CASQ); CAS - Writing (CASW);  PA - Advanced Writing (PA1C)"
"202620","14253","CHM","375","  B","Analytical Chem. for Majors","Oxford","17","16","3","Face-to-Face","$30.00 - $31.50","None","T|R|R","1:15pm-4:10pm|2:50pm-4:10pm|3:00pm-5:00pm","HUG 372|HUG 158|HUG 158","01/26-05/08|01/26-05/08|05/14-05/14","Page, Jill; Danielson, Neil","375 Analytical Chemistry for Majors (3)

Instrumental methods of analysis including theory, problem solving, and laboratory experiments applied to real-life samples. Instruction in writing and quantitative literacy. 1 Lec. 2 Lab. ADVW. PA-1C. CAS-Q. CAS-W. Prerequisites: CHM 242 or CHM 252.","None","Undergraduate","None","Standard Letter","None","Advanced Writing (ADVW); CAS - Quantitative Literacy (CASQ); CAS - Writing (CASW);  PA - Advanced Writing (PA1C)"
"202620","16141","CHM","429","  A","Polymer Chemistry","Oxford","7","15","2","Face-to-Face","None","None","TR","10:05am-11:00am","HUG 142","01/26-05/08","Konkolewicz, Dominik","429/529 Polymer Chemistry (2) 

Comprehensive overview and examination of the methods used to synthesize and characterize macromolecules. Both descriptive and mechanistic organic chemistry, as it relates to polymer synthesis, is discussed. The relationship between molecular structure and material properties will be another focus of the course. Prerequisite: CHM 242 or CHM 252 or Graduate Standing.","CHM 429 (16141); CHM 529 (16142)","Undergraduate","None","Standard Letter","None","CASD - Natural Science (CASD)"
"202620","16007","CHM","430K","  A","Intro Bio Magnetic Resonance","Oxford","3","15","2","Face-to-Face","None","None","MW","8:30am-9:25am","HUG 158","01/26-05/08","Lorigan, Gary","None","None","Undergraduate","None","Standard Letter","None","None"
"202620","16005","CHM","430N","  A","IntCryoEM of Protein Complexes","Oxford","13","15","2","Face-to-Face","None","None","MW|W","10:05am-11:00am|10:15am-12:15pm","HUG 161|HUG 161","01/26-05/08|05/13-05/13","Kennedy, Michael","None","None","Undergraduate","None","Standard Letter","None","None"
"202620","10967","CHM","432","  A","Fundamentals of Biochemistry","Oxford","66","120","4","Face-to-Face","None","None","MWF|W","10:05am-11:25am|10:15am-12:15pm","HUG 141|HUG 141","01/26-05/08|05/13-05/13","Kravats, Andrea","432/532 Fundamentals of Biochemistry (4)

Principles of biochemistry with emphasis on structure of biological molecules and metabolic processes. Prerequisite: CHM 242 or equivalent.","CHM 432 (10967); CHM 532 (10968)","Undergraduate","None","Standard Letter","None","None"
"202620","10659","CHM","438","  A","Biochemistry Laboratory","Oxford","13","16","2","Face-to-Face","$30.00 - $31.50","None","M|W","4:25pm-5:20pm|1:15pm-5:15pm","HUG 158|HUG 375","01/26-05/08|01/26-05/08","Smith, Carole; Alumasa, John","438 Biochemistry Laboratory (2) 

Laboratory course utilizing modern biochemical techniques. Emphasis on logic, design, and execution of biochemical experimentation. Prerequisite: CHM 432 with a grade of C- or higher or permission of instructor.","None","Undergraduate","None","Standard Letter","None","None"
"202620","10806","CHM","438","  B","Biochemistry Laboratory","Oxford","8","16","2","Face-to-Face","$30.00 - $31.50","None","M|R","4:25pm-5:20pm|1:15pm-5:15pm","HUG 158|HUG 375","01/26-05/08|01/26-05/08","Alumasa, John; Smith, Carole","438 Biochemistry Laboratory (2) 

Laboratory course utilizing modern biochemical techniques. Emphasis on logic, design, and execution of biochemical experimentation. Prerequisite: CHM 432 with a grade of C- or higher or permission of instructor.","None","Undergraduate","None","Standard Letter","None","None"
"202620","13177","CHM","450D","  A","Intro Medicinal Chemistry","Oxford","18","30","2","Face-to-Face","None","None","TR|T","4:25pm-5:20pm|3:00pm-5:00pm","HUG 141|HUG 141","01/26-05/08|05/12-05/12","Mancini, Rock","None","None","Undergraduate","None","Standard Letter","Students who have taken CHM 242 or CHM 252, and have completed or are enrolled in Biochemistry, are welcome to the class.  Please fill out an ROR  so we can process your registration.","None"
"202620","12757","CHM","456","  A","Chemical Measurements II","Oxford","10","15","2","Face-to-Face","$30.00","None","R|R","1:00pm-4:10pm|1:00pm-4:30pm","HUG 141|HUG 379","01/26-05/08|01/26-05/08","Rusinek, Cory","456 Chemical Measurements II (2) 

Laboratory course emphasizing instrumental methods of chemical analysis and methods of measuring physical-chemical properties. CAS-D/LAB. Recommended prerequisite: CHM 454. Prerequisite: CHM 452 or CHM 454.","None","Undergraduate","None","Standard Letter","Students who are currently enrolled in CHM 472 are welcome to the class.  Please fill out an ROR so we can process your registration.","None"
"202620","16139","CHM","460C","  A","Separation Science","Oxford","2","15","2","Face-to-Face","None","None","MW|M","2:50pm-3:45pm|3:00pm-5:00pm","HUG 158|HUG 158","01/26-05/08|05/11-05/11","Danielson, Neil","None","None","Undergraduate","None","Standard Letter","None","None"
"202620","16017","CHM","460P","  A","Int.Magnetism & Magnetic Mtls.","Oxford","7","15","2","Face-to-Face","None","None","MW|W","10:05am-11:00am|10:15am-12:15pm","HUG 004|HUG 004","01/26-05/08|05/13-05/13","Tierney, David","None","None","Undergraduate","None","Standard Letter","None","None"
"202620","10063","CHM","472","  A","Biophysical Chemistry II","Oxford","50","120","3","Face-to-Face","None","None","MWF|W","11:40am-12:35pm|12:45pm-2:45pm","HUG 161|HUG 161","01/26-05/08|05/13-05/13","Tierney, David","472/572 Biophysical Chemistry II (3)

Fundamentals of physical biochemistry including thermodynamics, macromolecular structure, kinetics, enzyme kinetics, quantum chemistry, and biophysical spectroscopy. Note: Credit may not be received for both CHM 452 and CHM 472. Prerequisite: MTH 251 or equivalent and CHM 451 or CHM 471.","CHM 472 (10063); CHM 572 (10066)","Undergraduate","None","Standard Letter","None","None"
"202620","10064","CHM","491","  A","Chemistry In Societal Issues","Oxford","25","60","3","Face-to-Face","None","None","W","6:30pm-9:10pm","HUG 161","01/26-05/08","Danielson, Neil","491 Chemistry in Societal Issues (3)

Chemistry is involved in many of the societal issues facing this nation. In order to protect the environment, create new energy sources, improve health, and increase consumer product safety, understanding chemistry is critical to the problem-solving process. It is important for students in technical fields to understand the interface between the known chemistry and government regulations, public perception, and legal interpretations. Students critically evaluate and form positions on current issues of national interest. SC. Prerequisite: any 300-level chemistry course.","None","Undergraduate","None","Standard Letter","None","Senior Capstone (SC)"
"202620","10065","CHM","492","  A","Ind Research Cap In Chemistry","Oxford","23","25","3","Face-to-Face","None","None","W","4:25pm-5:50pm","HUG 161","01/26-05/08","Kennedy, Michael","492 Independent Research Capstone in Chemistry (3)

Students work intensively with instructor to identify a suitable research question; perform research necessary to resolve the question; write a detailed report of the research, results, and the broader scientific and social implications of the overall research project; and communicate the research results to other students and professionals by participation in departmental research presentations and/or participation in a recognized professional meeting. SC. Prerequisite: permission of instructor and department chair, and one semester of CHM 377, 477, 480, or 490 Independent Study.","None","Undergraduate","None","Standard Letter","None","Senior Capstone (SC)"
"202620","16142","CHM","529","  A","Polymer Chemistry","Oxford","13","15","2","Face-to-Face","None","None","TR","10:05am-11:00am","HUG 142","01/26-05/08","Konkolewicz, Dominik","429/529 Polymer Chemistry (2) 

Comprehensive overview and examination of the methods used to synthesize and characterize macromolecules. Both descriptive and mechanistic organic chemistry, as it relates to polymer synthesis, is discussed. The relationship between molecular structure and material properties will be another focus of the course. Prerequisite: CHM 242 or CHM 252 or Graduate Standing.","CHM 429 (16141); CHM 529 (16142)","Graduate","None","Standard Letter","None","None"
"202620","10968","CHM","532","  A","Fundamentals of Biochemistry","Oxford","7","15","4","Face-to-Face","None","None","MWF|W","10:05am-11:25am|10:15am-12:15pm","HUG 141|HUG 141","01/26-05/08|05/13-05/13","Kravats, Andrea","432/532 Fundamentals of Biochemistry (4)

Principles of biochemistry with emphasis on structure of biological molecules and metabolic processes. Prerequisite: CHM 242 or equivalent.","CHM 432 (10967); CHM 532 (10968)","Graduate","None","Standard Letter","None","None"
"202620","10066","CHM","572","  A","Biophysical Chemistry II","Oxford","3","12","3","Face-to-Face","None","None","MWF|W","11:40am-12:35pm|12:45pm-2:45pm","HUG 161|HUG 161","01/26-05/08|05/13-05/13","Tierney, David","472/572 Biophysical Chemistry II (3)

Fundamentals of physical biochemistry including thermodynamics, macromolecular structure, kinetics, enzyme kinetics, quantum chemistry, and biophysical spectroscopy. Note: Credit may not be received for both CHM 452 and CHM 472. Prerequisite: MTH 251 or equivalent and CHM 451 or CHM 471.","CHM 472 (10063); CHM 572 (10066)","Graduate","None","Standard Letter","None","None"
"202620","10067","CHM","600","  A","Seminar In Chemistry","Oxford","63","80","1","Face-to-Face","None","None","R","11:40am-1:00pm","HUG 161","01/26-05/08","Alumasa, John","600 Seminar in Chemistry (1; maximum 12) Required of all chemistry graduate students in residence. Prerequisite: graduate standing.","None","Graduate","None","Credit/No Credit","None","None"
"202620","16140","CHM","664","  A","Separation Science","Oxford","14","15","2","Face-to-Face","None","None","MW|M","2:50pm-3:45pm|3:00pm-5:00pm","HUG 158|HUG 158","01/26-05/08|05/11-05/11","Danielson, Neil","664 Separation Science (2)

Fundamental principles of separation science emphasizing chromatographic theory, gas and liquid chromatography, and capillary electrophoresis. Prerequisite: CHM 554 or permission of instructor.","None","Graduate","None","Standard Letter","None","None"
"202620","10068","CHM","720","  A","Seminar in Organic Chemistry","Oxford","19","20","1","Face-to-Face","None","None","M","4:25pm-5:20pm","HUG 161","01/26-05/08","Mancini, Rock","720 Seminar in Organic and Biochemistry (1; maximum 9) Discussion of recent research findings in areas of organic and biochemistry. Prerequisite: permission of instructor.","None","Graduate","None","Standard Letter","None","None"
"202620","10434","CHM","725","  A","Biological Chemistry Seminar","Oxford","22","30","1","Face-to-Face","None","None","M","4:25pm-5:20pm","HUG 141","01/26-05/08","Tai, Heeyoung","725 Biological Chemistry Seminar (1; maximum 9)

Discussion of recent research findings in biological chemistry. Prerequisite: Permission of instructor.
","None","Graduate","None","Standard Letter","None","None"
"202620","13623","CHM","740D","  A","Medicinal Chemistry","Oxford","10","15","3","Face-to-Face","None","None","TR|T","4:25pm-5:50pm|3:00pm-5:00pm","HUG 141|HUG 141","01/26-05/08|05/12-05/12","Mancini, Rock","None","None","Graduate","None","Standard Letter","None","None"
"202620","16006","CHM","740N","  A","CryoEM of Protein Complexes","Oxford","1","15","3","Face-to-Face","None","None","MWF|W","10:05am-11:00am|10:15am-12:15pm","HUG 161|HUG 161","01/26-05/08|05/13-05/13","Kennedy, Michael","None","None","Graduate","None","Standard Letter","None","None"
"202620","16008","CHM","760K","  A","Bio Magnetic Resonance","Oxford","12","15","3","Face-to-Face","None","None","MWF","8:30am-9:25am","HUG 158","01/26-05/08","Lorigan, Gary","None","None","Graduate","None","Standard Letter","None","None"
"202620","16016","CHM","760P","  A","Magnetism & Magnetic Materials","Oxford","7","15","3","Face-to-Face","None","None","MWF|W","10:05am-11:00am|10:15am-12:15pm","HUG 004|HUG 004","01/26-05/08|05/13-05/13","Tierney, David","760P Protein X-Ray Crystallography (3)","None","Graduate","None","Standard Letter","None","None"
"202620","10069","CHM","780","  A","Analytical Inorganic & Phy Chm","Oxford","20","25","1","Face-to-Face","None","None","M","4:25pm-5:20pm","HUG 100","01/26-05/08","Yehl, Kevin","780 Seminar in Analytical, Inorganic, and Physical Chemistry (1; maximum 9) Discussion of recent developments in the areas of analytical, inorganic, and physical chemistry. Prerequisite: permission of instructor.","None","Graduate","None","Standard Letter","None","None"
